{
  "model_file": "rf_n1200_md16_msl3_mss2_mfsqrt_cwbalanced_subsample_20251019_214502.pkl",
  "timestamp": "20251019_214502",
  "params": {
    "type": "RandomForestClassifier",
    "n_estimators": 1200,
    "max_depth": 16,
    "min_samples_split": 2,
    "min_samples_leaf": 3,
    "max_features": "sqrt",
    "class_weight": "balanced_subsample",
    "random_state": 42,
    "n_jobs": -1
  },
  "metrics": {
    "roc_auc_train": 0.9998636597496142,
    "roc_auc_val": 0.966310013717421,
    "ap_train": 0.9999906953001185,
    "ap_val": 0.9975326131675679,
    "f1_val": 0.9898167006109979,
    "threshold": 0.38349812870296496,
    "confusion_matrix": [
      [
        70,
        30
      ],
      [
        0,
        1458
      ]
    ],
    "classification_report": "              precision    recall  f1-score   support\n\n           0     1.0000    0.7000    0.8235       100\n           1     0.9798    1.0000    0.9898      1458\n\n    accuracy                         0.9807      1558\n   macro avg     0.9899    0.8500    0.9067      1558\nweighted avg     0.9811    0.9807    0.9791      1558\n"
  }
}