{
  "roc_auc": 0.8666564117277324,
  "pr_auc": 0.848221914594619,
  "best_f1": 0.7169074580242092,
  "best_threshold": 0.4203566238053879,
  "f1_at_best_thr": 0.7166276346604216
}